RoundNumber,EventName,EventDate,Country
0,Pre-Season Testing,2026-02-13,Bahrain
0,Pre-Season Testing,2026-02-20,Bahrain
1,Australian Grand Prix,2026-03-08,Australia
2,Chinese Grand Prix,2026-03-15,China
3,Japanese Grand Prix,2026-03-29,Japan
4,Bahrain Grand Prix,2026-04-12,Bahrain
5,Saudi Arabian Grand Prix,2026-04-19,Saudi Arabia
6,Miami Grand Prix,2026-05-03,United States
7,Canadian Grand Prix,2026-05-24,Canada
8,Monaco Grand Prix,2026-06-07,Monaco
9,Barcelona Grand Prix,2026-06-14,Spain
10,Austrian Grand Prix,2026-06-28,Austria
11,British Grand Prix,2026-07-05,United Kingdom
12,Belgian Grand Prix,2026-07-19,Belgium
13,Hungarian Grand Prix,2026-07-26,Hungary
14,Dutch Grand Prix,2026-08-23,Netherlands
15,Italian Grand Prix,2026-09-06,Italy
16,Spanish Grand Prix,2026-09-13,Spain
17,Azerbaijan Grand Prix,2026-09-26,Azerbaijan
18,Singapore Grand Prix,2026-10-11,Singapore
19,United States Grand Prix,2026-10-25,United States
20,Mexico City Grand Prix,2026-11-01,Mexico
21,São Paulo Grand Prix,2026-11-08,Brazil
22,Las Vegas Grand Prix,2026-11-21,United States
23,Qatar Grand Prix,2026-11-29,Qatar
24,Abu Dhabi Grand Prix,2026-12-06,United Arab Emirates
